time(s),speed(km/h),acceleration(m/s²),slope(%)
0,0.0,0.0,0
1,1.72,0.4791,0
2,3.19,0.4083,0
3,4.47,0.3538,0
4,5.59,0.311,0
5,6.58,0.2766,0
6,7.48,0.2487,1
7,8.29,0.2257,1
8,9.04,0.2064,1
9,9.72,0.1902,1
10,10.35,0.1764,1
11,11.49,0.3165,1
12,12.65,0.3216,1
13,13.83,0.3266,1
14,15.02,0.3317,1
15,16.23,0.3366,1
16,17.46,0.3415,1
17,18.71,0.3464,1
18,19.97,0.3511,1
19,21.26,0.3559,1
20,22.55,0.3606,1
21,22.92,0.1017,1
22,23.28,0.1008,1
23,23.64,0.0999,1
24,24.0,0.0989,1
25,24.35,0.0979,1
26,24.7,0.0969,1
27,25.04,0.0958,1
28,25.38,0.0947,2
29,25.72,0.0935,2
30,26.05,0.0923,2
31,26.38,0.0911,2
32,26.7,0.0898,2
33,27.02,0.0885,2
34,27.34,0.0872,2
35,27.65,0.0858,2
36,27.95,0.0844,2
37,28.25,0.083,2
38,28.54,0.0815,2
39,28.83,0.08,2
40,29.11,0.0785,2
41,29.39,0.0769,2
42,29.66,0.0753,2
43,29.93,0.0737,2
44,30.19,0.072,2
45,30.44,0.0703,2
46,30.69,0.0686,2
47,30.93,0.0669,2
48,31.16,0.0651,2
49,31.39,0.0633,2
50,31.61,0.0615,2
51,31.82,0.0596,2
52,32.03,0.0578,2
53,32.23,0.0559,2
54,32.43,0.054,3
55,32.61,0.052,3
56,32.8,0.0501,3
57,32.97,0.0481,3
58,33.13,0.0461,2
59,33.29,0.0441,2
60,33.44,0.042,2
61,33.59,0.04,2
62,33.72,0.0379,2
63,33.85,0.0358,2
64,33.98,0.0338,2
65,34.09,0.0316,2
66,34.2,0.0295,2
67,34.29,0.0274,2
68,34.38,0.0252,2
69,34.47,0.0231,1
70,34.54,0.0209,1
71,34.61,0.0188,1
72,34.67,0.0166,1
73,34.72,0.0144,1
74,34.77,0.0122,1
75,34.8,0.01,1
76,34.83,0.0078,1
77,34.85,0.0056,1
78,34.86,0.0034,1
79,34.87,0.0012,1
80,34.86,-0.001,1
81,34.85,-0.0032,1
82,34.83,-0.0054,1
83,34.8,-0.0076,1
84,34.77,-0.0098,1
85,34.73,-0.012,1
86,34.68,-0.0142,1
87,34.62,-0.0164,1
88,34.55,-0.0186,1
89,34.47,-0.0208,1
90,34.39,-0.0229,2
91,34.3,-0.0251,2
92,34.2,-0.0272,2
93,34.1,-0.0294,3
94,33.98,-0.0315,3
95,33.86,-0.0336,3
96,33.74,-0.0357,3
97,33.6,-0.0378,3
98,33.46,-0.0398,3
99,33.31,-0.0419,3
100,33.15,-0.0439,3
101,32.98,-0.0459,3
102,32.81,-0.0479,3
103,32.63,-0.0499,3
104,32.44,-0.0519,3
105,32.25,-0.0538,3
106,32.05,-0.0557,3
107,31.84,-0.0576,3
108,31.63,-0.0595,3
109,31.41,-0.0613,3
110,31.18,-0.0632,4
111,30.94,-0.065,4
112,30.7,-0.0667,4
113,30.46,-0.0685,4
114,30.21,-0.0702,4
115,29.95,-0.0719,4
116,29.68,-0.0735,4
117,29.41,-0.0752,4
118,29.14,-0.0768,4
119,28.85,-0.0783,4
120,28.57,-0.0799,4
121,28.27,-0.0814,4
122,27.97,-0.0829,4
123,27.67,-0.0843,4
124,27.36,-0.0857,4
125,27.05,-0.0871,4
126,26.73,-0.0884,4
127,26.41,-0.0897,4
128,26.08,-0.091,4
129,25.75,-0.0922,4
130,25.41,-0.0934,4
131,25.07,-0.0946,4
132,24.73,-0.0957,4
133,24.38,-0.0968,4
134,24.03,-0.0978,4
135,23.67,-0.0988,4
136,23.31,-0.0998,4
137,22.95,-0.1007,4
138,22.58,-0.1016,4
139,22.21,-0.1024,4
140,21.84,-0.1032,4
141,21.47,-0.104,4
142,21.09,-0.1047,4
143,20.71,-0.1054,4
144,20.33,-0.106,4
145,19.95,-0.1066,4
146,19.56,-0.1072,4
147,19.17,-0.1077,3
148,18.78,-0.1081,3
149,18.39,-0.1086,3
150,18.0,-0.1089,3
151,17.61,-0.1093,3
152,17.21,-0.1096,3
153,16.82,-0.1098,4
154,16.42,-0.11,4
155,16.02,-0.1102,4
156,15.63,-0.1103,4
157,15.23,-0.1103,4
158,14.83,-0.1104,4
159,14.44,-0.1104,4
160,14.04,-0.1103,3
161,13.64,-0.1102,3
162,13.25,-0.11,3
163,12.85,-0.1098,3
164,12.46,-0.1096,3
165,12.06,-0.1093,3
166,11.67,-0.109,3
167,11.28,-0.1086,4
168,10.89,-0.1082,4
169,10.5,-0.1077,4
170,10.12,-0.1073,4
171,9.73,-0.1067,4
172,9.35,-0.1061,4
173,8.97,-0.1055,4
174,8.59,-0.1048,4
175,8.22,-0.1041,4
176,7.85,-0.1034,4
177,7.48,-0.1026,4
178,7.11,-0.1017,4
179,6.75,-0.1009,4
180,6.39,-0.0999,4
181,6.03,-0.099,4
182,5.68,-0.098,4
183,5.33,-0.0969,4
184,4.98,-0.0959,4
185,4.64,-0.0948,4
186,4.31,-0.0936,4
187,3.97,-0.0924,4
188,3.64,-0.0912,4
189,3.32,-0.0899,4
190,3.0,-0.0886,4
191,2.69,-0.0854,4
192,2.4,-0.0805,4
193,2.13,-0.0755,4
194,1.88,-0.0707,4
195,1.64,-0.0659,4
196,1.42,-0.0612,4
197,1.22,-0.0565,4
198,1.03,-0.0519,3
199,0.86,-0.0473,3
200,0.71,-0.0428,3
201,0.57,-0.0384,3
202,0.45,-0.034,4
203,0.34,-0.0297,4
204,0.25,-0.0255,4
205,0.17,-0.0214,4
206,0.11,-0.0173,4
207,0.06,-0.0133,4
208,0.03,-0.0094,4
209,0.01,-0.0055,4
210,0.0,-0.0018,4
211,0.0,0.0,4
212,0.0,0.0,4
213,0.0,0.0,4
214,0.0,0.0,4
215,0.0,0.0,4
216,0.0,0.0,4
217,0.0,0.0,3
218,0.0,0.0,3
219,0.0,0.0,3
220,0.0,0.0,3
221,0.0,0.0,4
222,0.0,0.0,4
223,0.0,0.0,4
224,0.0,0.0,4
225,0.0,0.0,4
226,0.0,0.0,4
227,0.0,0.0,4
228,0.0,0.0,4
229,0.0,0.0,4
230,0.0,0.0,4
231,0.0,0.0,4
232,0.0,0.0,4
233,0.0,0.0,4
234,0.0,0.0,4
235,0.0,0.0,4
236,0.0,0.0,4
237,0.0,0.0,4
238,0.0,0.0,4
239,0.0,0.0,4
240,0.0,0.0,4
241,0.0,0.0,4
242,0.0,0.0,4
243,0.0,0.0,4
244,0.0,0.0,4
245,0.0,0.0,4
246,0.0,0.0,4
247,0.0,0.0,3
248,0.0,0.0,3
249,0.0,0.0,3
250,0.0,0.0,3
251,0.0,0.0,3
252,0.0,0.0,3
253,0.0,0.0,3
254,0.0,0.0,3
255,0.0,0.0,3
256,0.0,0.0,3
257,0.0,0.0,3
258,0.0,0.0,3
259,0.0,0.0,3
260,0.0,0.0,3
261,0.0,0.0,3
262,0.0,0.0,3
263,0.0,0.0009,3
264,0.02,0.0046,3
265,0.05,0.0085,3
266,0.09,0.0123,3
267,0.15,0.0163,3
268,0.23,0.0204,3
269,0.32,0.0245,4
270,0.42,0.0287,4
271,0.54,0.033,4
272,0.67,0.0373,4
273,0.82,0.0417,4
274,0.99,0.0462,4
275,1.17,0.0508,3
276,1.37,0.0554,4
277,1.59,0.06,4
278,1.82,0.0648,4
279,2.07,0.0695,4
280,2.34,0.0744,4
281,2.62,0.0793,4
282,2.93,0.0842,4
283,3.24,0.0883,4
284,3.57,0.0896,4
285,3.89,0.0909,4
286,4.23,0.0921,4
287,4.56,0.0933,4
288,4.9,0.0945,4
289,5.25,0.0956,4
290,5.59,0.0967,4
291,5.95,0.0977,4
292,6.3,0.0987,4
293,6.66,0.0997,4
294,7.02,0.1006,4
295,7.39,0.1015,4
296,7.76,0.1024,4
297,8.13,0.1032,4
298,8.5,0.1039,4
299,8.88,0.1047,4
300,9.26,0.1053,4
301,9.64,0.106,4
302,10.02,0.1066,4
303,10.41,0.1071,4
304,10.8,0.1076,4
305,11.19,0.1081,4
306,11.58,0.1085,3
307,11.97,0.1089,3
308,12.36,0.1092,3
309,12.76,0.1095,3
310,13.15,0.1098,3
311,13.55,0.11,4
312,13.94,0.1102,4
313,14.34,0.1103,4
314,14.74,0.1103,4
315,15.14,0.1104,4
316,15.53,0.1104,4
317,15.93,0.1103,4
318,16.33,0.1102,4
319,16.72,0.11,4
320,17.12,0.1099,4
321,17.51,0.1096,4
322,17.91,0.1093,4
323,18.3,0.109,4
324,18.69,0.1087,4
325,19.08,0.1082,4
326,19.47,0.1078,4
327,19.85,0.1073,4
328,20.24,0.1068,4
329,20.62,0.1062,4
330,21.0,0.1055,4
331,21.38,0.1049,4
332,21.75,0.1042,4
333,22.13,0.1034,4
334,22.49,0.1026,4
335,22.86,0.1018,4
336,23.22,0.1009,4
337,23.58,0.1,4
338,23.94,0.0991,4
339,24.29,0.0981,4
340,24.64,0.097,4
341,24.99,0.096,4
342,25.33,0.0948,4
343,25.67,0.0937,4
344,26.0,0.0925,3
345,26.33,0.0913,3
346,26.65,0.09,2
347,26.97,0.0887,2
348,27.29,0.0874,2
349,27.6,0.086,2
350,27.9,0.0846,2
351,28.2,0.0832,2
352,28.5,0.0817,2
353,28.78,0.0802,2
354,29.07,0.0787,2
355,29.35,0.0771,2
356,29.62,0.0756,3
357,29.88,0.0739,3
358,30.14,0.0723,3
359,30.4,0.0706,3
360,30.65,0.0689,3
361,30.89,0.0671,3
362,31.12,0.0654,3
363,31.35,0.0636,3
364,31.57,0.0618,3
365,31.79,0.0599,3
366,32.0,0.0581,3
367,32.2,0.0562,3
368,32.4,0.0543,3
369,32.59,0.0523,3
370,32.77,0.0504,3
371,32.94,0.0484,3
372,33.11,0.0464,3
373,33.27,0.0444,3
374,33.42,0.0424,3
375,33.57,0.0403,3
376,33.7,0.0383,2
377,33.83,0.0362,2
378,33.96,0.0341,2
379,34.07,0.032,2
380,34.18,0.0299,2
381,34.28,0.0277,2
382,34.37,0.0256,2
383,34.46,0.0234,2
384,34.53,0.0213,2
385,34.6,0.0191,1
386,34.66,0.0169,1
387,34.71,0.0147,1
388,34.76,0.0126,1
389,34.8,0.0104,1
390,34.83,0.0082,1
391,34.69,-0.0381,1
392,34.57,-0.0334,1
393,34.47,-0.0286,1
394,34.38,-0.0237,2
395,34.31,-0.0186,1
396,34.27,-0.0134,1
397,34.24,-0.0081,1
398,34.23,-0.0026,1
399,34.24,0.003,1
400,34.27,0.0087,1
401,34.32,0.0145,1
402,34.4,0.0205,0
403,34.49,0.0266,0
404,34.61,0.0328,0
405,34.75,0.0391,0
406,34.91,0.0455,0
407,35.1,0.0521,0
408,35.31,0.0587,0
409,35.55,0.0655,0
410,35.81,0.0724,0
411,36.25,0.1234,0
412,36.7,0.1237,0
413,37.14,0.1239,0
414,37.59,0.124,0
415,38.04,0.1242,0
416,38.49,0.1243,0
417,38.93,0.1244,0
418,39.38,0.1245,-1
419,39.83,0.1245,-1
420,40.28,0.1245,-1
421,40.73,0.1245,-1
422,41.17,0.1245,-1
423,41.62,0.1244,-1
424,42.07,0.1243,-1
425,42.52,0.1242,-1
426,42.96,0.124,-1
427,43.41,0.1238,-1
428,43.85,0.1236,-1
429,44.3,0.1234,-1
430,44.74,0.1231,0
431,45.18,0.1228,0
432,45.62,0.1225,0
433,46.06,0.1221,0
434,46.5,0.1217,0
435,46.94,0.1213,0
436,47.37,0.1209,0
437,47.81,0.1204,0
438,48.24,0.12,0
439,48.67,0.1194,0
440,49.1,0.1189,0
441,49.52,0.1183,0
442,49.95,0.1177,0
443,50.37,0.1171,0
444,50.79,0.1165,0
445,51.21,0.1158,0
446,51.62,0.1151,0
447,52.03,0.1144,0
448,52.44,0.1136,0
449,52.85,0.1128,0
450,53.25,0.112,0
451,53.65,0.1112,0
452,54.05,0.1104,0
453,54.44,0.1095,0
454,54.83,0.1086,0
455,55.22,0.1076,0
456,55.6,0.1067,0
457,55.99,0.1057,0
458,56.36,0.1047,-1
459,56.74,0.1037,-1
460,57.11,0.1027,-1
461,57.47,0.1016,-1
462,57.83,0.1005,-1
463,58.19,0.0994,-1
464,58.54,0.0982,-1
465,58.89,0.0971,-1
466,59.24,0.0959,-1
467,59.58,0.0947,-1
468,59.92,0.0935,-1
469,60.25,0.0922,-1
470,60.58,0.091,-1
471,60.9,0.0897,-1
472,61.22,0.0884,-1
473,61.53,0.087,-1
474,61.84,0.0857,0
475,62.14,0.0843,0
476,62.44,0.083,0
477,62.73,0.0815,0
478,63.02,0.0801,0
479,63.31,0.0787,0
480,63.58,0.0772,0
481,63.86,0.0758,0
482,64.12,0.0743,0
483,64.39,0.0728,0
484,64.64,0.0712,0
485,64.89,0.0697,0
486,65.14,0.0681,0
487,65.38,0.0666,0
488,65.61,0.065,0
489,65.84,0.0634,0
490,66.06,0.0618,0
491,66.28,0.0601,1
492,66.49,0.0585,1
493,66.69,0.0568,1
494,66.89,0.0552,1
495,67.09,0.0535,1
496,67.27,0.0518,1
497,67.45,0.0501,1
498,67.63,0.0484,1
499,67.79,0.0467,1
500,67.96,0.0449,1
501,68.11,0.0432,1
502,68.26,0.0414,1
503,68.4,0.0396,1
504,68.54,0.0379,1
505,68.67,0.0361,1
506,68.79,0.0343,1
507,68.91,0.0325,0
508,69.02,0.0307,0
509,69.12,0.0289,0
510,69.22,0.0271,0
511,69.31,0.0252,0
512,69.4,0.0234,0
513,69.47,0.0216,0
514,69.55,0.0197,0
515,69.61,0.0179,0
516,69.67,0.016,0
517,69.72,0.0142,0
518,69.76,0.0123,0
519,69.8,0.0104,0
520,69.83,0.0086,0
521,69.86,0.0067,0
522,69.87,0.0049,0
523,69.88,0.003,0
524,69.89,0.0011,0
525,69.89,-0.0007,0
526,69.88,-0.0026,0
527,69.86,-0.0045,0
528,69.84,-0.0064,0
529,69.81,-0.0082,0
530,69.77,-0.0101,0
531,69.73,-0.0119,0
532,69.68,-0.0138,0
533,69.62,-0.0157,0
534,69.56,-0.0175,0
535,69.49,-0.0194,0
536,69.41,-0.0212,0
537,69.33,-0.023,0
538,69.24,-0.0249,0
539,69.14,-0.0267,0
540,69.04,-0.0285,0
541,68.93,-0.0303,0
542,68.82,-0.0321,-1
543,68.69,-0.0339,-1
544,68.57,-0.0357,-1
545,68.43,-0.0375,-1
546,68.29,-0.0393,-1
547,68.14,-0.0411,-1
548,67.99,-0.0428,-1
549,67.83,-0.0446,-1
550,67.66,-0.0463,-1
551,67.49,-0.048,-1
552,67.31,-0.0498,-1
553,67.12,-0.0515,-1
554,66.93,-0.0532,-1
555,66.73,-0.0548,-1
556,66.53,-0.0565,-1
557,66.32,-0.0582,-1
558,66.11,-0.0598,-1
559,65.88,-0.0614,-1
560,65.66,-0.0631,-1
561,65.43,-0.0647,-1
562,65.19,-0.0663,-1
563,64.94,-0.0678,-1
564,64.69,-0.0694,-1
565,64.44,-0.0709,-1
566,64.18,-0.0725,-1
567,63.91,-0.074,-1
568,63.64,-0.0755,-1
569,63.36,-0.0769,-1
570,63.08,-0.0784,0
571,62.79,-0.0798,0
572,62.5,-0.0813,0
573,62.2,-0.0827,0
574,61.9,-0.0841,0
575,61.59,-0.0854,0
576,61.28,-0.0868,0
577,60.96,-0.0881,0
578,60.64,-0.0894,0
579,60.31,-0.0907,0
580,59.98,-0.092,0
581,59.65,-0.0932,0
582,59.31,-0.0945,0
583,58.96,-0.0957,0
584,58.61,-0.0968,0
585,58.26,-0.098,0
586,57.9,-0.0992,0
587,57.54,-0.1003,0
588,57.18,-0.1014,0
589,56.81,-0.1024,0
590,56.44,-0.1035,0
591,56.06,-0.1045,0
592,55.68,-0.1055,0
593,55.3,-0.1065,0
594,54.91,-0.1075,0
595,54.52,-0.1084,0
596,54.13,-0.1093,-1
597,53.73,-0.1102,-1
598,53.33,-0.111,0
599,52.93,-0.1119,0
600,52.52,-0.1127,0
601,52.11,-0.1135,0
602,51.7,-0.1142,0
603,51.29,-0.115,0
604,50.87,-0.1157,0
605,50.45,-0.1163,0
606,50.03,-0.117,0
607,49.61,-0.1176,0
608,49.18,-0.1182,0
609,48.75,-0.1188,0
610,48.33,-0.1193,0
611,47.89,-0.1199,0
612,47.46,-0.1204,0
613,47.03,-0.1208,0
614,46.59,-0.1213,0
615,46.15,-0.1217,0
616,45.71,-0.1221,0
617,45.27,-0.1224,0
618,44.83,-0.1227,0
619,44.39,-0.123,0
620,43.94,-0.1233,0
621,43.5,-0.1236,0
622,43.05,-0.1238,0
623,42.61,-0.124,0
624,42.16,-0.1241,0
625,41.71,-0.1243,0
626,41.26,-0.1244,0
627,40.82,-0.1245,0
628,40.37,-0.1245,0
629,39.92,-0.1245,0
630,39.47,-0.1245,0
631,39.02,-0.1245,0
632,38.57,-0.1244,0
633,38.13,-0.1243,0
634,37.68,-0.1242,0
635,37.23,-0.1241,0
636,36.79,-0.1239,0
637,36.34,-0.1237,0
638,35.9,-0.1235,1
639,35.45,-0.1232,1
640,35.01,-0.1229,1
641,34.57,-0.1226,1
642,34.13,-0.1223,1
643,33.69,-0.1219,1
644,33.25,-0.1215,1
645,32.82,-0.1211,1
646,32.38,-0.1207,2
647,31.95,-0.1202,2
648,31.52,-0.1197,2
649,31.09,-0.1191,2
650,30.66,-0.1186,2
651,30.24,-0.118,2
652,29.82,-0.1174,1
653,29.4,-0.1168,1
654,28.98,-0.1161,1
655,28.56,-0.1154,1
656,28.15,-0.1147,1
657,27.74,-0.1139,1
658,27.33,-0.1132,1
659,26.93,-0.1124,1
660,26.52,-0.1116,1
661,26.13,-0.1107,1
662,25.73,-0.1099,1
663,25.34,-0.109,1
664,24.95,-0.1081,1
665,24.56,-0.1071,1
666,24.18,-0.1062,1
667,23.8,-0.1052,0
668,23.43,-0.1042,0
669,23.06,-0.1031,0
670,22.69,-0.1021,0
671,22.33,-0.101,0
672,21.97,-0.0999,0
673,21.61,-0.0987,0
674,21.26,-0.0976,0
675,20.91,-0.0964,0
676,20.57,-0.0952,0
677,20.23,-0.094,0
678,19.9,-0.0928,0
679,19.57,-0.0915,-1
680,19.24,-0.0902,-1
681,18.92,-0.0889,-1
682,18.61,-0.0876,-1
683,18.3,-0.0863,-1
684,17.99,-0.0849,-1
685,17.69,-0.0836,-1
686,17.39,-0.0822,-1
687,17.1,-0.0808,-1
688,16.82,-0.0793,-1
689,16.54,-0.0779,-1
690,16.26,-0.0764,-1
691,15.99,-0.0749,-1
692,15.73,-0.0734,-1
693,15.47,-0.0719,-1
694,15.22,-0.0704,-1
695,14.97,-0.0688,-1
696,14.73,-0.0673,-1
697,14.49,-0.0657,-1
698,14.26,-0.0641,0
699,14.03,-0.0625,0
700,13.82,-0.0609,0
701,13.6,-0.0592,0
702,13.39,-0.0576,0
703,13.19,-0.0559,0
704,13.0,-0.0542,0
705,12.81,-0.0525,1
706,12.63,-0.0508,1
707,12.45,-0.0491,1
708,12.28,-0.0474,1
709,12.11,-0.0457,1
710,11.96,-0.0439,0
711,11.8,-0.0422,0
712,11.66,-0.0404,0
713,11.52,-0.0386,1
714,11.39,-0.0369,0
715,11.26,-0.0351,0
716,11.14,-0.0333,0
717,11.03,-0.0315,0
718,10.92,-0.0297,0
719,10.82,-0.0279,0
720,10.73,-0.026,0
721,10.64,-0.0242,0
722,10.56,-0.0224,0
723,10.48,-0.0205,0
724,10.42,-0.0187,0
725,10.36,-0.0168,0
726,10.3,-0.015,1
727,10.26,-0.0131,1
728,10.22,-0.0113,1
729,10.18,-0.0094,1
730,10.15,-0.0075,1
731,10.13,-0.0057,1
732,10.12,-0.0038,1
733,10.11,-0.0019,1
734,10.11,-0.0001,1
735,10.12,0.0018,1
736,10.13,0.0037,1
737,10.15,0.0055,1
738,10.18,0.0074,1
739,10.21,0.0093,1
740,10.25,0.0111,2
741,10.3,0.013,2
742,10.35,0.0148,2
743,10.41,0.0167,2
744,10.48,0.0185,2
745,10.55,0.0204,2
746,10.63,0.0222,2
747,10.72,0.0241,2
748,10.81,0.0259,2
749,10.91,0.0277,2
750,11.02,0.0295,2
751,11.13,0.0313,2
752,11.25,0.0331,2
753,11.38,0.0349,2
754,11.51,0.0367,2
755,11.65,0.0385,2
756,11.79,0.0403,2
757,11.94,0.042,2
758,12.1,0.0438,3
759,12.27,0.0455,3
760,12.44,0.0473,3
761,12.61,0.049,3
762,12.79,0.0507,3
763,12.98,0.0524,3
764,13.18,0.0541,3
765,13.38,0.0558,3
766,13.59,0.0574,3
767,13.8,0.0591,3
768,14.02,0.0607,3
769,14.24,0.0624,3
770,14.47,0.064,3
771,14.71,0.0656,3
772,14.95,0.0671,3
773,15.2,0.0687,3
774,15.45,0.0703,3
775,15.71,0.0718,3
776,15.97,0.0733,3
777,16.24,0.0748,3
778,16.52,0.0763,3
779,16.8,0.0778,3
780,17.08,0.0792,3
781,17.37,0.0806,3
782,17.67,0.0821,3
783,17.97,0.0835,3
784,18.27,0.0848,3
785,18.58,0.0862,3
786,18.9,0.0875,3
787,19.22,0.0888,3
788,19.54,0.0901,3
789,19.87,0.0914,3
790,20.21,0.0927,3
791,24.83,1.2838,3
792,29.43,1.2789,3
793,34.02,1.2738,3
794,38.58,1.2687,2
795,43.13,1.2634,2
796,47.66,1.258,2
797,52.17,1.2524,2
798,56.66,1.2468,1
799,61.13,1.241,1
800,65.57,1.2351,1
801,70.0,1.2291,1
802,74.4,1.223,1
803,78.78,1.2167,1
804,83.14,1.2104,1
805,87.47,1.2039,1
806,91.78,1.1973,0
807,96.07,1.1907,0
808,100.33,1.1839,0
809,104.57,1.177,-1
810,108.78,1.17,-1
811,108.68,-0.027,-1
812,108.58,-0.0281,-1
813,108.48,-0.0292,-1
814,108.37,-0.0302,-1
815,108.25,-0.0313,-1
816,108.14,-0.0324,-1
817,108.02,-0.0334,-1
818,107.89,-0.0345,-1
819,107.77,-0.0355,-1
820,107.63,-0.0366,-1
821,107.5,-0.0376,-1
822,107.36,-0.0387,-1
823,107.22,-0.0397,-1
824,107.07,-0.0407,-1
825,106.92,-0.0418,-1
826,106.77,-0.0428,-1
827,106.61,-0.0438,-1
828,106.45,-0.0448,-1
829,106.28,-0.0458,-1
830,106.11,-0.0468,-1
831,105.94,-0.0479,-1
832,105.76,-0.0488,-1
833,105.59,-0.0498,-1
834,105.4,-0.0508,-1
835,105.22,-0.0518,-1
836,105.03,-0.0528,-1
837,104.83,-0.0538,-1
838,104.63,-0.0547,-1
839,104.43,-0.0557,-1
840,104.23,-0.0567,-1
841,104.02,-0.0576,-1
842,103.81,-0.0585,-1
843,103.6,-0.0595,0
844,103.38,-0.0604,0
845,103.16,-0.0613,0
846,102.94,-0.0623,0
847,102.71,-0.0632,0
848,102.48,-0.0641,0
849,102.24,-0.065,0
850,102.01,-0.0659,0
851,101.77,-0.0668,0
852,101.52,-0.0677,0
853,101.28,-0.0685,0
854,101.03,-0.0694,0
855,100.77,-0.0703,0
856,100.52,-0.0711,0
857,100.26,-0.072,1
858,100.0,-0.0728,1
859,99.73,-0.0736,2
860,99.46,-0.0745,2
861,99.19,-0.0753,2
862,98.92,-0.0761,2
863,98.64,-0.0769,2
864,98.36,-0.0777,2
865,98.08,-0.0785,3
866,97.79,-0.0793,3
867,97.5,-0.08,3
868,97.21,-0.0808,3
869,96.92,-0.0816,3
870,96.62,-0.0823,3
871,96.32,-0.083,4
872,96.02,-0.0838,4
873,95.72,-0.0845,4
874,95.41,-0.0852,4
875,95.1,-0.0859,4
876,94.79,-0.0866,4
877,94.48,-0.0873,4
878,94.16,-0.088,4
879,93.84,-0.0887,4
880,93.52,-0.0893,4
881,93.2,-0.09,4
882,92.87,-0.0906,4
883,92.54,-0.0913,4
884,92.21,-0.0919,4
885,91.88,-0.0925,4
886,91.54,-0.0931,4
887,91.2,-0.0937,4
888,90.87,-0.0943,4
889,90.52,-0.0949,4
890,90.18,-0.0954,4
891,89.83,-0.096,4
892,89.49,-0.0966,4
893,89.14,-0.0971,4
894,88.79,-0.0976,4
895,88.43,-0.0981,4
896,88.08,-0.0987,4
897,87.72,-0.0992,4
898,87.36,-0.0997,4
899,87.0,-0.1001,4
900,86.64,-0.1006,4
901,86.28,-0.1011,4
902,85.91,-0.1015,4
903,85.54,-0.102,4
904,85.17,-0.1024,4
905,84.8,-0.1028,4
906,84.43,-0.1032,4
907,84.06,-0.1036,4
908,83.68,-0.104,4
909,83.31,-0.1044,4
910,82.93,-0.1048,4
911,82.55,-0.1051,4
912,82.17,-0.1055,4
913,81.79,-0.1058,3
914,81.41,-0.1061,3
915,81.03,-0.1065,3
916,80.64,-0.1068,3
917,80.26,-0.1071,3
918,79.87,-0.1073,3
919,79.48,-0.1076,3
920,79.1,-0.1079,3
921,78.71,-0.1081,2
922,78.32,-0.1084,2
923,77.92,-0.1086,2
924,77.53,-0.1088,2
925,77.14,-0.109,2
926,76.75,-0.1092,1
927,76.35,-0.1094,0
928,75.96,-0.1096,0
929,75.56,-0.1098,0
930,75.17,-0.1099,0
931,74.77,-0.1101,1
932,74.38,-0.1102,1
933,73.98,-0.1103,1
934,73.58,-0.1104,1
935,73.18,-0.1105,2
936,72.78,-0.1106,2
937,72.39,-0.1107,2
938,71.99,-0.1108,2
939,71.59,-0.1108,2
940,71.19,-0.1109,3
941,70.79,-0.1109,3
942,70.39,-0.1109,3
943,69.99,-0.1109,3
944,69.59,-0.1109,3
945,69.19,-0.1109,3
946,68.79,-0.1109,3
947,68.39,-0.1109,3
948,68.0,-0.1108,3
949,67.6,-0.1108,3
950,67.2,-0.1107,3
951,66.8,-0.1106,3
952,66.4,-0.1105,3
953,66.0,-0.1104,3
954,65.61,-0.1103,4
955,65.21,-0.1102,4
956,64.81,-0.1101,4
957,64.42,-0.1099,4
958,64.02,-0.1098,4
959,63.63,-0.1096,4
960,63.24,-0.1094,4
961,62.84,-0.1092,4
962,62.45,-0.109,4
963,62.06,-0.1088,4
964,61.67,-0.1086,4
965,61.28,-0.1084,4
966,60.89,-0.1081,4
967,60.5,-0.1079,4
968,60.11,-0.1076,4
969,59.73,-0.1073,4
970,59.34,-0.107,4
971,58.96,-0.1068,4
972,58.57,-0.1064,4
973,58.19,-0.1061,4
974,57.81,-0.1058,4
975,57.43,-0.1055,4
976,57.05,-0.1051,4
977,56.67,-0.1048,4
978,56.3,-0.1044,4
979,55.92,-0.104,4
980,55.55,-0.1036,3
981,55.18,-0.1032,4
982,54.81,-0.1028,4
983,54.44,-0.1024,4
984,54.07,-0.1019,4
985,53.71,-0.1015,4
986,53.34,-0.101,4
987,52.98,-0.1006,4
988,52.62,-0.1001,4
989,52.26,-0.0996,4
990,51.91,-0.0991,4
991,51.55,-0.0986,4
992,51.2,-0.0981,4
993,50.85,-0.0976,4
994,50.5,-0.0971,4
995,50.15,-0.0965,4
996,49.8,-0.096,4
997,49.46,-0.0954,4
998,49.12,-0.0948,4
999,48.78,-0.0943,4
1000,48.44,-0.0937,4
1001,48.11,-0.0931,4
1002,47.78,-0.0925,4
1003,47.44,-0.0918,4
1004,47.12,-0.0912,4
1005,46.79,-0.0906,3
1006,46.47,-0.0899,3
1007,46.14,-0.0893,3
1008,45.83,-0.0886,3
1009,45.51,-0.088,2
1010,45.19,-0.0873,2
1011,44.88,-0.0866,2
1012,44.57,-0.0859,2
1013,44.27,-0.0852,2
1014,43.96,-0.0845,2
1015,43.66,-0.0837,2
1016,43.36,-0.083,2
1017,43.07,-0.0823,2
1018,42.77,-0.0815,1
1019,42.48,-0.0808,1
1020,42.19,-0.08,1
1021,41.91,-0.0792,0
1022,41.63,-0.0785,0
1023,41.35,-0.0777,0
1024,41.07,-0.0769,0
1025,40.8,-0.0761,0
1026,40.53,-0.0753,0
1027,40.26,-0.0744,0
1028,39.99,-0.0736,0
1029,39.73,-0.0728,0
1030,39.47,-0.0719,0
1031,39.22,-0.0711,1
1032,38.96,-0.0702,1
1033,38.71,-0.0694,1
1034,38.47,-0.0685,1
1035,38.22,-0.0676,1
1036,37.98,-0.0667,1
1037,37.75,-0.0659,1
1038,37.51,-0.065,1
1039,37.28,-0.0641,1
1040,37.05,-0.0631,1
1041,36.83,-0.0622,1
1042,36.61,-0.0613,1
1043,36.39,-0.0604,1
1044,36.18,-0.0594,1
1045,35.97,-0.0585,1
1046,35.76,-0.0576,1
1047,35.56,-0.0566,1
1048,35.36,-0.0557,1
1049,35.16,-0.0547,1
1050,34.97,-0.0537,1
1051,34.78,-0.0527,1
1052,34.59,-0.0518,0
1053,34.41,-0.0508,0
1054,34.23,-0.0498,0
1055,34.05,-0.0488,0
1056,33.88,-0.0478,0
1057,33.71,-0.0468,0
1058,33.55,-0.0458,0
1059,33.39,-0.0448,0
1060,33.23,-0.0438,0
1061,33.07,-0.0427,0
1062,32.92,-0.0417,0
1063,32.78,-0.0407,0
1064,32.63,-0.0397,0
1065,32.5,-0.0386,0
1066,32.36,-0.0376,0
1067,32.23,-0.0365,0
1068,32.1,-0.0355,0
1069,31.98,-0.0344,0
1070,31.86,-0.0334,1
1071,31.74,-0.0323,1
1072,31.63,-0.0312,1
1073,31.52,-0.0302,1
1074,31.41,-0.0291,1
1075,31.31,-0.028,2
1076,31.22,-0.027,2
1077,31.12,-0.0259,2
1078,31.03,-0.0248,3
1079,30.95,-0.0237,2
1080,30.87,-0.0226,2
1081,30.79,-0.0216,1
1082,30.72,-0.0205,1
1083,30.65,-0.0194,1
1084,30.58,-0.0183,1
1085,30.52,-0.0172,1
1086,30.46,-0.0161,1
1087,30.41,-0.015,1
1088,30.36,-0.0139,1
1089,30.31,-0.0128,1
1090,30.27,-0.0117,1
1091,30.23,-0.0106,1
1092,30.2,-0.0095,1
1093,30.17,-0.0084,1
1094,30.14,-0.0073,2
1095,30.12,-0.0062,2
1096,30.1,-0.0051,2
1097,30.09,-0.0039,2
1098,30.07,-0.0028,2
1099,30.07,-0.0017,2
1100,30.07,-0.0006,2
1101,30.07,0.0005,2
1102,30.07,0.0016,2
1103,30.08,0.0027,3
1104,30.1,0.0038,3
1105,30.12,0.0049,3
1106,30.14,0.006,3
1107,30.16,0.0071,3
1108,30.19,0.0082,3
1109,30.23,0.0094,3
1110,30.26,0.0105,3
1111,30.31,0.0116,3
1112,30.35,0.0127,3
1113,30.4,0.0138,3
1114,30.45,0.0149,3
1115,30.51,0.016,3
1116,30.57,0.0171,3
1117,30.64,0.0182,3
1118,30.71,0.0193,3
1119,30.78,0.0203,3
1120,30.86,0.0214,3
1121,30.94,0.0225,3
1122,31.02,0.0236,4
1123,31.11,0.0247,4
1124,31.21,0.0258,4
1125,31.3,0.0268,4
1126,31.4,0.0279,3
1127,31.51,0.029,3
1128,31.62,0.0301,3
1129,31.73,0.0311,3
1130,31.84,0.0322,3
1131,31.96,0.0332,3
1132,32.09,0.0343,3
1133,32.21,0.0354,2
1134,32.34,0.0364,2
1135,32.48,0.0375,2
1136,32.62,0.0385,2
1137,32.76,0.0395,1
1138,32.91,0.0406,1
1139,33.06,0.0416,0
1140,33.21,0.0426,0
1141,33.37,0.0436,0
1142,33.53,0.0447,0
1143,33.69,0.0457,0
1144,33.86,0.0467,0
1145,34.03,0.0477,-1
1146,34.21,0.0487,-1
1147,34.39,0.0497,-1
1148,34.57,0.0507,-1
1149,34.75,0.0517,-1
1150,34.94,0.0526,-1
1151,35.14,0.0536,-1
1152,35.33,0.0546,-1
1153,35.53,0.0555,-1
1154,35.74,0.0565,-1
1155,35.94,0.0575,-2
1156,36.15,0.0584,-2
1157,36.37,0.0593,-2
1158,36.58,0.0603,-2
1159,36.8,0.0612,-2
1160,37.03,0.0621,-2
1161,37.26,0.063,-2
1162,37.49,0.0639,-2
1163,37.72,0.0649,-2
1164,37.96,0.0657,-2
1165,38.2,0.0666,-3
1166,38.44,0.0675,-2
1167,38.68,0.0684,-2
1168,38.93,0.0693,-2
1169,39.19,0.0701,-2
1170,39.44,0.071,-2
1171,39.7,0.0718,-2
1172,39.96,0.0727,-2
1173,40.23,0.0735,-2
1174,40.49,0.0743,-2
1175,40.77,0.0752,-2
1176,41.04,0.076,-2
1177,41.32,0.0768,-2
1178,41.59,0.0776,-2
1179,41.88,0.0784,-2
1180,42.16,0.0791,-2
1181,42.45,0.0799,-2
1182,42.74,0.0807,-2
1183,43.03,0.0814,-2
1184,43.33,0.0822,-2
1185,43.63,0.0829,-2
1186,43.93,0.0837,-2
1187,44.23,0.0844,-2
1188,44.54,0.0851,-3
1189,44.85,0.0858,-4
1190,45.16,0.0865,-4
1191,45.47,0.0872,-4
1192,45.79,0.0879,-4
1193,46.11,0.0885,-4
1194,46.43,0.0892,-4
1195,46.75,0.0899,-4
1196,47.08,0.0905,-4
1197,47.41,0.0912,-4
1198,47.74,0.0918,-3
1199,48.07,0.0924,-3
1200,48.4,0.093,-3
1201,48.74,0.0936,-3
1202,49.08,0.0942,-3
1203,49.42,0.0948,-3
1204,49.77,0.0953,-3
1205,50.11,0.0959,-2
1206,50.46,0.0965,-2
1207,50.81,0.097,-2
1208,51.16,0.0975,-2
1209,51.51,0.0981,-3
1210,51.87,0.0986,-3
1211,52.22,0.0991,-3
1212,52.58,0.0996,-3
1213,52.94,0.1001,-3
1214,53.3,0.1005,-3
1215,53.67,0.101,-3
1216,54.03,0.1014,-3
1217,54.4,0.1019,-3
1218,54.77,0.1023,-3
1219,55.14,0.1027,-3
1220,55.51,0.1032,-3
1221,55.88,0.1036,-3
1222,56.26,0.104,-3
1223,56.63,0.1043,-3
1224,57.01,0.1047,-3
1225,57.39,0.1051,-2
1226,57.77,0.1054,-2
1227,58.15,0.1058,-2
1228,58.53,0.1061,-2
1229,58.91,0.1064,-2
1230,59.3,0.1067,-2
1231,59.68,0.107,-2
1232,60.07,0.1073,-2
1233,60.45,0.1076,-2
1234,60.84,0.1078,-2
1235,61.23,0.1081,-2
1236,61.62,0.1083,-1
1237,62.01,0.1086,-1
1238,62.4,0.1088,-1
1239,62.8,0.109,-1
1240,63.19,0.1092,-1
1241,63.58,0.1094,-1
1242,63.98,0.1096,-1
1243,64.37,0.1097,-1
1244,64.77,0.1099,-1
1245,65.17,0.11,-1
1246,65.56,0.1102,-1
1247,65.96,0.1103,-1
1248,66.36,0.1104,-1
1249,66.75,0.1105,-1
1250,67.15,0.1106,-1
1251,67.55,0.1107,-1
1252,67.95,0.1107,-1
1253,68.35,0.1108,-1
1254,68.75,0.1109,-1
1255,69.15,0.1109,-1
1256,69.55,0.1109,0
1257,69.95,0.1109,0
1258,70.34,0.1109,0
1259,70.74,0.1109,0
1260,71.14,0.1109,0
1261,71.54,0.1109,0
1262,71.94,0.1108,0
1263,72.34,0.1108,0
1264,72.74,0.1107,0
1265,73.14,0.1106,-1
1266,73.53,0.1105,-1
1267,73.93,0.1104,-1
1268,74.33,0.1103,-1
1269,74.73,0.1102,-1
1270,75.12,0.1101,0
1271,75.52,0.1099,0
1272,75.91,0.1098,0
1273,76.31,0.1096,0
1274,76.7,0.1094,0
1275,77.1,0.1093,0
1276,77.49,0.1091,0
1277,77.88,0.1089,0
1278,78.27,0.1086,0
1279,78.66,0.1084,0
1280,79.05,0.1082,1
1281,79.44,0.1079,1
1282,79.83,0.1077,2
1283,80.21,0.1074,2
1284,80.6,0.1071,2
1285,80.98,0.1068,2
1286,81.37,0.1065,2
1287,81.75,0.1062,2
1288,82.13,0.1059,3
1289,82.51,0.1055,3
1290,82.89,0.1052,3
1291,83.1,0.0581,3
1292,83.28,0.0515,3
1293,83.44,0.0449,3
1294,83.58,0.0383,3
1295,83.7,0.0317,3
1296,83.79,0.0252,3
1297,83.85,0.0187,3
1298,83.9,0.0123,3
1299,83.92,0.0058,3
1300,83.92,-0.0006,3
1301,83.89,-0.0069,3
1302,83.84,-0.0133,3
1303,83.77,-0.0196,3
1304,83.68,-0.0258,3
1305,83.57,-0.032,3
1306,83.43,-0.0382,3
1307,83.27,-0.0444,2
1308,83.09,-0.0505,2
1309,82.88,-0.0566,2
1310,82.66,-0.0626,1
1311,82.58,-0.0219,1
1312,82.5,-0.0216,1
1313,82.42,-0.0213,1
1314,82.35,-0.021,0
1315,82.28,-0.0206,0
1316,82.2,-0.0203,0
1317,82.13,-0.02,0
1318,82.06,-0.0197,-1
1319,81.99,-0.0194,-1
1320,81.92,-0.0191,-1
1321,81.85,-0.0187,-1
1322,81.79,-0.0184,-1
1323,81.72,-0.0181,0
1324,81.66,-0.0178,0
1325,81.6,-0.0174,0
1326,81.53,-0.0171,0
1327,81.47,-0.0168,0
1328,81.41,-0.0165,1
1329,81.36,-0.0161,1
1330,81.3,-0.0158,1
1331,81.24,-0.0155,1
1332,81.19,-0.0151,1
1333,81.14,-0.0148,1
1334,81.08,-0.0145,1
1335,81.03,-0.0141,1
1336,80.98,-0.0138,1
1337,80.93,-0.0134,1
1338,80.89,-0.0131,0
1339,80.84,-0.0128,0
1340,80.8,-0.0124,0
1341,80.75,-0.0121,0
1342,80.71,-0.0117,0
1343,80.67,-0.0114,0
1344,80.63,-0.0111,0
1345,80.59,-0.0107,0
1346,80.55,-0.0104,0
1347,80.52,-0.01,0
1348,80.48,-0.0097,0
1349,80.45,-0.0093,0
1350,80.42,-0.009,0
1351,80.39,-0.0086,0
1352,80.36,-0.0083,0
1353,80.33,-0.0079,0
1354,80.3,-0.0076,0
1355,80.28,-0.0072,0
1356,80.25,-0.0069,0
1357,80.23,-0.0065,0
1358,80.2,-0.0062,0
1359,80.18,-0.0058,-1
1360,80.16,-0.0055,-1
1361,80.15,-0.0051,-1
1362,80.13,-0.0048,-1
1363,80.11,-0.0044,-1
1364,80.1,-0.0041,-1
1365,80.08,-0.0037,-1
1366,80.07,-0.0034,0
1367,80.06,-0.003,0
1368,80.05,-0.0026,0
1369,80.04,-0.0023,0
1370,80.04,-0.0019,0
1371,80.03,-0.0016,0
1372,80.03,-0.0012,0
1373,80.02,-0.0009,0
1374,80.02,-0.0005,1
1375,80.02,-0.0002,1
1376,80.02,0.0002,1
1377,80.02,0.0006,1
1378,80.03,0.0009,1
1379,80.03,0.0013,1
1380,80.04,0.0016,1
1381,80.04,0.002,1
1382,80.05,0.0023,1
1383,80.06,0.0027,1
1384,80.07,0.003,2
1385,80.09,0.0034,2
1386,80.1,0.0037,2
1387,80.11,0.0041,2
1388,80.13,0.0045,2
1389,80.15,0.0048,2
1390,80.17,0.0052,1
1391,80.19,0.0055,1
1392,80.21,0.0059,1
1393,80.23,0.0062,1
1394,80.25,0.0066,1
1395,80.28,0.0069,1
1396,80.3,0.0073,1
1397,80.33,0.0076,1
1398,80.36,0.008,1
1399,80.39,0.0083,1
1400,80.42,0.0087,1
1401,80.45,0.009,1
1402,80.49,0.0094,1
1403,80.52,0.0097,1
1404,80.56,0.0101,1
1405,80.6,0.0104,1
1406,80.63,0.0107,2
1407,80.67,0.0111,2
1408,80.72,0.0114,2
1409,80.76,0.0118,2
1410,80.8,0.0121,2
1411,80.85,0.0125,2
1412,80.89,0.0128,3
1413,80.94,0.0131,3
1414,80.99,0.0135,3
1415,81.04,0.0138,3
1416,81.09,0.0142,3
1417,81.14,0.0145,2
1418,81.19,0.0148,3
1419,81.25,0.0152,3
1420,81.3,0.0155,3
1421,81.36,0.0158,3
1422,81.42,0.0162,3
1423,81.48,0.0165,2
1424,81.54,0.0168,2
1425,81.6,0.0171,2
1426,81.66,0.0175,1
1427,81.73,0.0178,1
1428,81.79,0.0181,1
1429,81.86,0.0184,1
1430,81.93,0.0188,1
1431,82.0,0.0191,1
1432,82.07,0.0194,1
1433,82.14,0.0197,1
1434,82.21,0.02,0
1435,82.28,0.0204,0
1436,82.36,0.0207,0
1437,82.43,0.021,0
1438,82.51,0.0213,0
1439,82.59,0.0216,1
1440,82.67,0.0219,1
1441,82.75,0.0222,1
1442,82.83,0.0225,1
1443,82.91,0.0228,1
1444,82.99,0.0231,1
1445,83.08,0.0234,1
1446,83.16,0.0237,2
1447,83.25,0.024,2
1448,83.34,0.0243,3
1449,83.43,0.0246,3
1450,83.52,0.0249,3
1451,83.61,0.0252,3
1452,83.7,0.0255,3
1453,83.79,0.0258,3
1454,83.89,0.0261,3
1455,83.98,0.0264,3
1456,84.08,0.0267,3
1457,84.17,0.027,3
1458,84.27,0.0272,3
1459,84.37,0.0275,3
1460,84.47,0.0278,3
1461,84.57,0.0281,3
1462,84.67,0.0283,3
1463,84.78,0.0286,3
1464,84.88,0.0289,4
1465,84.99,0.0292,4
1466,85.09,0.0294,4
1467,85.2,0.0297,4
1468,85.31,0.03,4
1469,85.41,0.0302,4
1470,85.52,0.0305,4
1471,85.64,0.0307,4
1472,85.75,0.031,3
1473,85.86,0.0312,3
1474,85.97,0.0315,3
1475,86.09,0.0317,3
1476,86.2,0.032,3
1477,86.32,0.0322,3
1478,86.43,0.0325,3
1479,86.55,0.0327,3
1480,86.67,0.033,3
1481,86.79,0.0332,3
1482,86.91,0.0334,3
1483,87.03,0.0337,3
1484,87.15,0.0339,3
1485,87.28,0.0341,4
1486,87.4,0.0343,4
1487,87.53,0.0346,4
1488,87.65,0.0348,4
1489,87.78,0.035,4
1490,87.9,0.0352,4
1491,88.03,0.0354,4
1492,88.16,0.0357,4
1493,88.29,0.0359,4
1494,88.42,0.0361,4
1495,88.55,0.0363,4
1496,88.68,0.0365,4
1497,88.81,0.0367,4
1498,88.94,0.0369,4
1499,89.08,0.0371,4
1500,89.21,0.0373,4
1501,89.35,0.0375,4
1502,89.48,0.0377,4
1503,89.62,0.0378,4
1504,89.76,0.038,4
1505,89.89,0.0382,4
1506,90.03,0.0384,4
1507,90.17,0.0386,4
1508,90.31,0.0387,4
1509,90.45,0.0389,4
1510,90.59,0.0391,4
1511,90.73,0.0392,4
1512,90.87,0.0394,4
1513,91.02,0.0396,4
1514,91.16,0.0397,4
1515,91.3,0.0399,4
1516,91.45,0.04,4
1517,91.59,0.0402,3
1518,91.74,0.0403,4
1519,91.88,0.0405,4
1520,92.03,0.0406,4
1521,92.18,0.0408,4
1522,92.32,0.0409,4
1523,92.47,0.0411,4
1524,92.62,0.0412,4
1525,92.77,0.0413,4
1526,92.92,0.0415,4
1527,93.07,0.0416,4
1528,93.22,0.0417,4
1529,93.37,0.0418,4
1530,93.52,0.0419,4
1531,93.67,0.0421,4
1532,93.82,0.0422,4
1533,93.97,0.0423,4
1534,94.13,0.0424,4
1535,94.28,0.0425,4
1536,94.43,0.0426,4
1537,94.59,0.0427,4
1538,94.74,0.0428,4
1539,94.9,0.0429,4
1540,95.05,0.043,4
1541,95.21,0.0431,4
1542,95.36,0.0431,4
1543,95.52,0.0432,4
1544,95.67,0.0433,4
1545,95.83,0.0434,4
1546,95.98,0.0435,4
1547,96.14,0.0435,4
1548,96.3,0.0436,4
1549,96.46,0.0437,4
1550,96.61,0.0437,4
1551,96.77,0.0438,4
1552,96.93,0.0438,4
1553,97.09,0.0439,4
1554,97.24,0.0439,4
1555,97.4,0.044,4
1556,97.56,0.044,4
1557,97.72,0.0441,4
1558,97.88,0.0441,4
1559,98.04,0.0442,4
1560,98.2,0.0442,4
1561,98.36,0.0442,4
1562,98.52,0.0443,4
1563,98.67,0.0443,4
1564,98.83,0.0443,4
1565,98.99,0.0443,4
1566,99.15,0.0443,3
1567,99.31,0.0444,3
1568,99.47,0.0444,3
1569,99.63,0.0444,3
1570,99.79,0.0444,3
1571,99.95,0.0444,2
1572,100.11,0.0444,2
1573,100.27,0.0444,2
1574,100.43,0.0444,2
1575,100.59,0.0444,2
1576,100.75,0.0444,2
1577,100.91,0.0444,2
1578,101.07,0.0443,2
1579,101.23,0.0443,2
1580,101.39,0.0443,2
1581,101.55,0.0443,3
1582,101.71,0.0442,3
1583,101.87,0.0442,3
1584,102.03,0.0442,3
1585,102.19,0.0441,3
1586,102.34,0.0441,3
1587,102.5,0.0441,3
1588,102.66,0.044,3
1589,102.82,0.044,3
1590,102.98,0.0439,4
1591,103.14,0.0439,4
1592,103.29,0.0438,4
1593,103.45,0.0438,4
1594,103.61,0.0437,4
1595,103.77,0.0436,4
1596,103.92,0.0436,4
1597,104.08,0.0435,4
1598,104.24,0.0434,4
1599,104.39,0.0433,4
1600,104.55,0.0433,4
1601,104.7,0.0432,4
1602,104.86,0.0431,4
1603,105.01,0.043,4
1604,105.17,0.0429,4
1605,105.32,0.0428,4
1606,105.48,0.0427,4
1607,105.63,0.0426,4
1608,105.78,0.0425,4
1609,105.94,0.0424,4
1610,106.09,0.0423,4
1611,106.24,0.0422,4
1612,106.39,0.0421,4
1613,106.54,0.042,4
1614,106.69,0.0419,4
1615,106.84,0.0418,4
1616,106.99,0.0416,4
1617,107.14,0.0415,4
1618,107.29,0.0414,3
1619,107.44,0.0413,3
1620,107.59,0.0411,3
1621,107.74,0.041,3
1622,107.88,0.0409,3
1623,108.03,0.0407,3
1624,108.18,0.0406,4
1625,108.32,0.0404,4
1626,108.47,0.0403,4
1627,108.61,0.0401,3
1628,108.76,0.04,2
1629,108.9,0.0398,2
1630,109.04,0.0397,2
1631,109.18,0.0395,2
1632,109.33,0.0393,2
1633,109.47,0.0392,2
1634,109.61,0.039,2
1635,109.75,0.0388,2
1636,109.89,0.0387,2
1637,110.02,0.0385,2
1638,110.16,0.0383,2
1639,110.3,0.0381,2
1640,110.44,0.038,2
1641,110.57,0.0378,2
1642,110.71,0.0376,2
1643,110.84,0.0374,2
1644,110.98,0.0372,3
1645,111.11,0.037,3
1646,111.24,0.0368,3
1647,111.37,0.0366,3
1648,111.5,0.0364,3
1649,111.63,0.0362,2
1650,111.76,0.036,2
1651,111.89,0.0358,2
1652,112.02,0.0356,2
1653,112.15,0.0354,2
1654,112.27,0.0351,2
1655,112.4,0.0349,2
1656,112.53,0.0347,2
1657,112.65,0.0345,2
1658,112.77,0.0343,2
1659,112.9,0.034,2
1660,113.02,0.0338,2
1661,113.14,0.0336,2
1662,113.26,0.0333,2
1663,113.38,0.0331,2
1664,113.5,0.0329,2
1665,113.61,0.0326,2
1666,113.73,0.0324,2
1667,113.85,0.0321,2
1668,113.96,0.0319,2
1669,114.07,0.0316,2
1670,114.19,0.0314,2
1671,114.3,0.0311,3
1672,114.41,0.0309,3
1673,114.52,0.0306,3
1674,114.63,0.0304,3
1675,114.74,0.0301,3
1676,114.85,0.0298,3
1677,114.95,0.0296,3
1678,115.06,0.0293,3
1679,115.16,0.029,3
1680,115.27,0.0288,3
1681,115.37,0.0285,3
1682,115.47,0.0282,3
1683,115.57,0.028,3
1684,115.67,0.0277,3
1685,115.77,0.0274,3
1686,115.87,0.0271,3
1687,115.96,0.0268,3
1688,116.06,0.0266,3
1689,116.15,0.0263,3
1690,116.25,0.026,3
1691,116.34,0.0257,3
1692,116.43,0.0254,3
1693,116.52,0.0251,3
1694,116.61,0.0248,3
1695,116.7,0.0245,3
1696,116.79,0.0242,3
1697,116.87,0.0239,3
1698,116.96,0.0236,3
1699,117.04,0.0233,3
1700,117.12,0.023,3
1701,117.21,0.0227,3
1702,117.29,0.0224,3
1703,117.37,0.0221,3
1704,117.44,0.0218,3
1705,117.52,0.0215,4
1706,117.6,0.0212,4
1707,117.67,0.0209,4
1708,117.75,0.0205,4
1709,117.82,0.0202,4
1710,117.89,0.0199,4
1711,117.96,0.0196,4
1712,118.03,0.0193,4
1713,118.1,0.019,4
1714,118.17,0.0186,4
1715,118.23,0.0183,4
1716,118.3,0.018,4
1717,118.36,0.0177,4
1718,118.42,0.0173,4
1719,118.48,0.017,4
1720,118.54,0.0167,4
1721,118.6,0.0164,4
1722,118.66,0.016,4
1723,118.72,0.0157,4
1724,118.77,0.0154,4
1725,118.83,0.015,4
1726,118.88,0.0147,4
1727,118.93,0.0144,4
1728,118.98,0.014,4
1729,119.03,0.0137,4
1730,119.08,0.0133,4
1731,119.13,0.013,4
1732,119.17,0.0127,4
1733,119.22,0.0123,4
1734,119.26,0.012,4
1735,119.3,0.0116,4
1736,119.34,0.0113,4
1737,119.38,0.0109,4
1738,119.42,0.0106,4
1739,119.46,0.0103,4
1740,119.49,0.0099,4
1741,119.53,0.0096,4
1742,119.56,0.0092,4
1743,119.59,0.0089,4
1744,119.62,0.0085,4
1745,119.65,0.0082,4
1746,119.68,0.0078,3
1747,119.71,0.0075,3
1748,119.73,0.0071,3
1749,119.76,0.0068,3
1750,119.78,0.0064,3
1751,119.8,0.0061,3
1752,119.82,0.0057,3
1753,119.84,0.0054,3
1754,119.86,0.005,3
1755,119.88,0.0047,3
1756,119.89,0.0043,3
1757,119.91,0.004,3
1758,119.92,0.0036,3
1759,119.93,0.0032,3
1760,119.94,0.0029,3
1761,119.95,0.0025,3
1762,119.96,0.0022,3
1763,119.96,0.0018,3
1764,119.97,0.0015,3
1765,119.97,0.0011,3
1766,119.98,0.0008,3
1767,119.98,0.0004,3
1768,119.98,0.0001,3
1769,119.98,-0.0003,3
1770,119.98,-0.0007,3
1771,119.97,-0.001,3
1772,119.97,-0.0014,3
1773,119.96,-0.0017,3
1774,119.95,-0.0021,3
1775,119.94,-0.0024,3
1776,119.93,-0.0028,4
1777,119.92,-0.0031,4
1778,119.91,-0.0035,4
1779,119.9,-0.0039,4
1780,119.88,-0.0042,4
1781,119.86,-0.0046,4
1782,113.87,-1.6665,4
1783,107.87,-1.6665,4
1784,101.87,-1.6664,4
1785,95.87,-1.6662,4
1786,89.87,-1.6661,4
1787,83.87,-1.666,4
1788,77.88,-1.6658,4
1789,71.88,-1.6656,4
1790,65.88,-1.6654,4
1791,59.89,-1.6652,4
1792,56.73,-0.877,4
1793,53.23,-0.9742,4
1794,49.31,-1.0885,4
1795,44.9,-1.2242,4
1796,39.91,-1.387,4
1797,34.2,-1.5846,4
1798,27.62,-1.8279,4
1799,19.95,-2.132,4
1800,10.88,-2.5189,4
